[
  {
    "featureType": "landscape.man_made",
    "elementType": "geometry.fill",
    "stylers": [
      {
        "visibility": "on"
      },
      {
        "weight": 8
      }
    ]
  },
  {
    "featureType": "landscape.natural",
    "elementType": "geometry.fill",
    "stylers": [
      {
        "visibility": "on"
      },
      {
        "weight": 8
      }
    ]
  },
  {
    "featureType": "landscape.natural.landcover",
    "stylers": [
      {
        "visibility": "on"
      }
    ]
  },
  {
    "featureType": "landscape.natural.terrain",
    "elementType": "geometry.fill",
    "stylers": [
      {
        "visibility": "on"
      }
    ]
  },
  {
    "featureType": "landscape.natural.terrain",
    "elementType": "geometry.stroke",
    "stylers": [
      {
        "visibility": "on"
      }
    ]
  },
  {
    "featureType": "poi.attraction",
    "elementType": "labels.icon",
    "stylers": [
      {
        "color": "#003d3c"
      },
      {
        "visibility": "on"
      },
      {
        "weight": 4.5
      }
    ]
  },
  {
    "featureType": "road",
    "stylers": [
      {
        "visibility": "on"
      }
    ]
  },
  {
    "featureType": "road",
    "elementType": "geometry.fill",
    "stylers": [
      {
        "color": "#e0e0e0"
      },
      {
        "visibility": "on"
      }
    ]
  },
  {
    "featureType": "road",
    "elementType": "geometry.stroke",
    "stylers": [
      {
        "color": "#919191"
      },
      {
        "visibility": "on"
      }
    ]
  },
  {
    "featureType": "road",
    "elementType": "labels.text",
    "stylers": [
      {
        "color": "#525252"
      },
      {
        "visibility": "simplified"
      }
    ]
  },
  {
    "featureType": "road.highway.controlled_access",
    "elementType": "geometry.fill",
    "stylers": [
      {
        "color": "#fccaca"
      }
    ]
  },
  {
    "featureType": "road.highway.controlled_access",
    "elementType": "geometry.stroke",
    "stylers": [
      {
        "color": "#752f2f"
      }
    ]
  },
  {
    "featureType": "road.highway.controlled_access",
    "elementType": "labels.text",
    "stylers": [
      {
        "color": "#a55f5f"
      }
    ]
  }
]